locality,site,pp,pq,qq,latitude,longitude,collection-aprox,collection-year,collection-month
"Byron, WA (Byron Pond mix)",01-BYRWA,37,2,0,46.193,-119.899,9/26/23,2023,Sep
"Cook County, IL (mix)",02-COOIL,17,0,0,42.031763,-87.930871,7/31/23-8/1/23,2023,Jul-Aug
"Barnstable County, MA",03-BARMA,12,0,0,41.793615,-69.994266,8/18/23,2023,Aug
"Cache, UT (Hyde Park)",04-USUUT,20,0,0,41.79696,-111.82005,7/25/23,2023,Sep
"Salt Lake City, UT (mix of sites)",05-SLCUT,2,11,7,40.74804853,-111.9678782,9/19/23,2023,Sep
"Hunterdon, NJ",06-HUNNJ,16,2,1,40.539588,-74.834616,9/12/23,2023,Sep
"Somerset, NJ",07-SOMNJ,12,3,0,40.533576,-74.586099,9/20/23,2023,Sep
"Sutter-Yuba, CA",08-SUTCA,9,8,1,39.166466,-121.598446,10/11/23,2023,Sep
"Rockville, MD",09-ROCMD,17,3,0,39.057753,-77.130547,6/6/23,2023,Jun
"Lincoln, CA (1-2 mix)",10-LINCA,38,2,0,38.904465,-121.306331,9/18/23,2023,Sep
"St. George, Washington County, UT (1-3 mix)",11-STGUT,0,0,20,37.179,-113.32,10/10/23,2023,Oct
"Phoenix, Maricopa County, AZ",12-PHOAZ,0,0,20,33.4484367,-112.07414,2/24/24,2024,Feb
"Maricopa, AZ",13MARAZ,0,0,16,33.0736167,-111.9737667,10/22/23,2023,Oct
"College Station, TX",14-COSTX,0,3,17,30.60044,-96.26893,11/11/23,2023,Nov
"Slidell, LA",15-SLILA,0,1,18,30.327,-89.749,4/30/24,2024,Apr
"Anastasia, FL",16-ANAFL,0,0,19,29.903108,-81.400743,10/2023-11/2023,2023,Oct-Nov
"Miami-Dade County, FL (mix)",17-MIAFL,0,0,19,25.80141,-80.19909,11/28/2023-11/29/2023,2023,Nov